type,name,module,path,hash
"csv","agent-manifest","_config","_config/agent-manifest.csv","61ec17b11761d848a01059ecc75a5a0077ad86fc057c05609c111e35edd83fcc"
"csv","task-manifest","_config","_config/task-manifest.csv","bac7378952f0c79a48469b582997507b08cf08583b31b8aa6083791db959e0f0"
"csv","workflow-manifest","_config","_config/workflow-manifest.csv","c6f75c9538639a158572f4c9ef71d59f692aa49e9f7b94f314260c36d552774d"
"yaml","manifest","_config","_config/manifest.yaml","104f9a9e01961b171dbe75aed78aa17be1f09c1db522a051298342953e189326"
"md","documentation-standards","_memory","_memory/tech-writer-sidecar/documentation-standards.md","b046192ee42fcd1a3e9b2ae6911a0db38510323d072c8d75bad0594f943039e4"
"yaml","config","_memory","_memory/config.yaml","75634d39ebecdde75ca7e1d19547395a005c18fb8b50e585cedf6afe90d2ff72"
"csv","module-help","bmb","bmb/module-help.csv","dec9ec6357dfc42050e1a38538b32cfe69acd4a0e867766ef7b71671b7d0db31"
"json","bmad-manifest","bmb","bmb/skills/bmad-agent-builder/bmad-manifest.json","099f0ee89593c7facccfb7fde3938e6c524da6ac0e19cba8cf975f27d2bcc97f"
"json","bmad-manifest","bmb","bmb/skills/bmad-workflow-builder/bmad-manifest.json","4784682fde6d34b5eafdd33e763060164209bc606402f991a0468aac1b30b6a5"
"json","bmad-manifest-schema","bmb","bmb/skills/bmad-agent-builder/scripts/bmad-manifest-schema.json","72be9fef6d1d9f1fd709c0bb8e92166db30c65cf272830f67cf64af5a5b317fa"
"json","bmad-manifest-schema","bmb","bmb/skills/bmad-workflow-builder/scripts/bmad-manifest-schema.json","72be9fef6d1d9f1fd709c0bb8e92166db30c65cf272830f67cf64af5a5b317fa"
"md","autonomous-wake","bmb","bmb/skills/bmad-agent-builder/assets/autonomous-wake.md","015eb8ac34c275112703549074a0b8e5bdd643b5c9baffe86a3f4ca2d36ba864"
"md","build-process","bmb","bmb/skills/bmad-agent-builder/build-process.md","afa4d2ab2d1f68d94b671924f70d793c0a1ffe84ccff2ec1d352642163541b0f"
"md","build-process","bmb","bmb/skills/bmad-workflow-builder/build-process.md","13b0b883cd3826dd5962945d4efe810a62f091af7df7f7aea8c926724e5416b2"
"md","classification-reference","bmb","bmb/skills/bmad-workflow-builder/references/classification-reference.md","76d104cda828c181af2ff83f37aaa21f781b8ebfbc1d334563b5a4a0ad79bcb5"
"md","complex-workflow-patterns","bmb","bmb/skills/bmad-workflow-builder/references/complex-workflow-patterns.md","eb0c0e6a13727414702d1a15a281294b0b749caa10b2c10e88c2cc8949408651"
"md","init-template","bmb","bmb/skills/bmad-agent-builder/assets/init-template.md","48fa7914ae7ae863d732fed1f27cbb18277dc31e88d62ebce26d98e01cd826f5"
"md","memory-system","bmb","bmb/skills/bmad-agent-builder/assets/memory-system.md","92b0c8225050dc75e8d43ad0340d0887e4820eb9840f3557938e5d228018d494"
"md","metadata-reference","bmb","bmb/skills/bmad-agent-builder/references/metadata-reference.md","256c5dfc18cb5c31a53886fc6343085393afe373fe1a45276a146d476e911eb4"
"md","metadata-reference","bmb","bmb/skills/bmad-workflow-builder/references/metadata-reference.md","495597f770defbc9477ed4aba53344173b1fcc690259b9c1e9313658ccc734fa"
"md","quality-dimensions","bmb","bmb/skills/bmad-agent-builder/references/quality-dimensions.md","3073aa84540adc3d71346b77d8314edf3e19ca4baba8ba1f1fcc0b9001dfe971"
"md","quality-dimensions","bmb","bmb/skills/bmad-workflow-builder/references/quality-dimensions.md","357d05e26231cbf7cf15d1fd8517c48e00879282a5b90f05f1fdb8ad3d9485eb"
"md","quality-optimizer","bmb","bmb/skills/bmad-agent-builder/quality-optimizer.md","b059fedab41340b549ed3e12d74fc57739bbd96366be5435db2b2633a9a19d32"
"md","quality-optimizer","bmb","bmb/skills/bmad-workflow-builder/quality-optimizer.md","9d992ffd5d86458ad77f9c123b6aeaaa8e65124f710ea6efc4d3d8b5d5aa82a8"
"md","quality-report-template","bmb","bmb/skills/bmad-agent-builder/assets/quality-report-template.md","e450050d9daebfe0c047f89a74e2fcc9ca103ad217916ff103e1202bf5d43ef7"
"md","quality-report-template","bmb","bmb/skills/bmad-workflow-builder/assets/quality-report-template.md","314073e1223906c5814752886857b218d346e282bc736eadac1580110b93ce46"
"md","quality-scan-agent-cohesion","bmb","bmb/skills/bmad-agent-builder/quality-scan-agent-cohesion.md","38f7bc9ab7dcc9391b181ec04a31fe92fd4ea0e957af036b0b5cc8161a4a0ed2"
"md","quality-scan-enhancement-opportunities","bmb","bmb/skills/bmad-agent-builder/quality-scan-enhancement-opportunities.md","5a8dc8a644f4fac547a736eb37b4d39b350d5057a483d389e0e8278eaf5534f1"
"md","quality-scan-enhancement-opportunities","bmb","bmb/skills/bmad-workflow-builder/quality-scan-enhancement-opportunities.md","2abfde391b066b7a69c79f0771244103d1fc9f8413115af8267c29cd496a4255"
"md","quality-scan-execution-efficiency","bmb","bmb/skills/bmad-agent-builder/quality-scan-execution-efficiency.md","813d14b9eb197bf7af721bba19fb82513bff8d3b31587ce07f2c2de53ad4b3e2"
"md","quality-scan-execution-efficiency","bmb","bmb/skills/bmad-workflow-builder/quality-scan-execution-efficiency.md","c27c4fb568adf28268d141336c0e2fb2974ce6e7ec12f28669f3d3b597a539be"
"md","quality-scan-prompt-craft","bmb","bmb/skills/bmad-agent-builder/quality-scan-prompt-craft.md","43e45aaff625335589ca3b8054596ca18d14f2f43e344065ecbd36845d7f84d0"
"md","quality-scan-prompt-craft","bmb","bmb/skills/bmad-workflow-builder/quality-scan-prompt-craft.md","88a85b322ce28b1e64252c48eab44fa6b92f8338736282961e7b64e3183bc52d"
"md","quality-scan-script-opportunities","bmb","bmb/skills/bmad-agent-builder/quality-scan-script-opportunities.md","9f6af71420b8415003092e5114d29fb77eeeb3a088d9245e50149c3600400ef9"
"md","quality-scan-script-opportunities","bmb","bmb/skills/bmad-workflow-builder/quality-scan-script-opportunities.md","497defd4436ac0b6aca3733f7b47adcc220e08f74c9861261e9c2808d7d352b6"
"md","quality-scan-skill-cohesion","bmb","bmb/skills/bmad-workflow-builder/quality-scan-skill-cohesion.md","f346808dd79ef3ab3958c7b6d980b236eacafe9fe2a812765e6e6bc000acc310"
"md","quality-scan-structure","bmb","bmb/skills/bmad-agent-builder/quality-scan-structure.md","518e9fd74c2df3aac921e99ef545dac5ee8a925f0b54ef79a758ab795ec7fde2"
"md","quality-scan-workflow-integrity","bmb","bmb/skills/bmad-workflow-builder/quality-scan-workflow-integrity.md","603b5e305f3ed2a423ef2d3b5b88518e2e55b25259653337e4841199c57e6a2b"
"md","report-quality-scan-creator","bmb","bmb/skills/bmad-agent-builder/report-quality-scan-creator.md","77276e170354bd610a65e0082dd9f76339d3b3f9fdd9e8ddfbdba4d20e4fe796"
"md","report-quality-scan-creator","bmb","bmb/skills/bmad-workflow-builder/report-quality-scan-creator.md","68b15427cda2c679e617da0990b9b8738ceafbe061e9fd8dd220466570092787"
"md","save-memory","bmb","bmb/skills/bmad-agent-builder/assets/save-memory.md","62df6b249e4ec3f7e5f4dac21b9b38e80c6f27857dbcad2a3d483844255d1b89"
"md","script-opportunities-reference","bmb","bmb/skills/bmad-agent-builder/references/script-opportunities-reference.md","21fdc0393a76949c9fce90e8360ec78239c8aed76e46dab46ef69186d91c132b"
"md","script-opportunities-reference","bmb","bmb/skills/bmad-workflow-builder/references/script-opportunities-reference.md","2ce26c8b53ccc9363ffad174690ee945d59b4937a27df75979d3f2308243f7ed"
"md","SKILL","bmb","bmb/skills/bmad-agent-builder/SKILL.md","f976a690864655998b198a49e4ebc653d57cb0c2f9aa441d23643f35f3bef67b"
"md","SKILL","bmb","bmb/skills/bmad-workflow-builder/SKILL.md","3d36aef4c96b5165e894f80f0a09a3390454ebbf4c945095cc7b79976eea6b4a"
"md","skill-best-practices","bmb","bmb/skills/bmad-agent-builder/references/skill-best-practices.md","e1ab1fe398986ac3125dd4f5909f69d362b16343494a857478e7f12af1f2687e"
"md","skill-best-practices","bmb","bmb/skills/bmad-workflow-builder/references/skill-best-practices.md","bb9e037846a5ef90321947a57a4028a498b97d5fe552683c85fbc5377bec7de0"
"md","SKILL-template","bmb","bmb/skills/bmad-agent-builder/assets/SKILL-template.md","9d7589403a6c0ff3270a3a4e87631f4c7900de12fe5275e1de2b131f6c9e1b21"
"md","SKILL-template","bmb","bmb/skills/bmad-workflow-builder/assets/SKILL-template.md","5c50d49d57815934f93adf50bd955d1d985fe8010470713739a1f7aafd9063ef"
"md","standard-fields","bmb","bmb/skills/bmad-agent-builder/references/standard-fields.md","ccc8731288867da2ff7e8a0d6baec29521c6363c744a9a31f8093e8b4fc40cd4"
"md","standard-fields","bmb","bmb/skills/bmad-workflow-builder/references/standard-fields.md","74fc61bdf0df3a4d717c0dbd93a400d17ad989c7d79e64ad660856c1a422b4ed"
"md","template-substitution-rules","bmb","bmb/skills/bmad-agent-builder/references/template-substitution-rules.md","734f7783594c6e74097419c15415a350a487d199a081accbcfd85ef9ece786b6"
"md","template-substitution-rules","bmb","bmb/skills/bmad-workflow-builder/references/template-substitution-rules.md","186bd399c88cdbc34a66eac5b76a85f45519c180106ab57b645950298766e8fc"
"md","universal-scan-schema","bmb","bmb/skills/bmad-agent-builder/references/universal-scan-schema.md","671de7362138ba0a9b2da22cfc85e5b86f4e7f4b0f48c53664e166db97f2e631"
"md","universal-scan-schema","bmb","bmb/skills/bmad-workflow-builder/references/universal-scan-schema.md","671de7362138ba0a9b2da22cfc85e5b86f4e7f4b0f48c53664e166db97f2e631"
"py","generate-html-report","bmb","bmb/skills/bmad-agent-builder/scripts/generate-html-report.py","ed3c44a5bd9684b9dcc18379e95e9cb0f30772645251eb0892bda73b4a7f5ae9"
"py","generate-html-report","bmb","bmb/skills/bmad-workflow-builder/scripts/generate-html-report.py","ed3c44a5bd9684b9dcc18379e95e9cb0f30772645251eb0892bda73b4a7f5ae9"
"py","manifest","bmb","bmb/skills/bmad-agent-builder/scripts/manifest.py","b08ca07a4e1ce26554f9df4acfa087071c05b377ec4293847d00ec135ecec361"
"py","manifest","bmb","bmb/skills/bmad-workflow-builder/scripts/manifest.py","b654da554db134054c6fcf8eee0468f11fdf99502d7263162bd6f5489920279e"
"py","prepass-execution-deps","bmb","bmb/skills/bmad-agent-builder/scripts/prepass-execution-deps.py","8030638fc9a82e810b4b0e054b8631f68eed7001d5c8994ee47515a3a40feb4d"
"py","prepass-execution-deps","bmb","bmb/skills/bmad-workflow-builder/scripts/prepass-execution-deps.py","846c773d254a6df2c85e58b5b892b0c2fdaf5adc63acc49de0015b48b23f201f"
"py","prepass-prompt-metrics","bmb","bmb/skills/bmad-agent-builder/scripts/prepass-prompt-metrics.py","3e90a046fad2fff34738dfcd54023c9ec060193b52f8c4cf8891d0221273d2a5"
"py","prepass-prompt-metrics","bmb","bmb/skills/bmad-workflow-builder/scripts/prepass-prompt-metrics.py","c64a3f92520342c1c7e022eca6882b9a1bee4e6d1354a2fa6d742b5a1e4830ef"
"py","prepass-structure-capabilities","bmb","bmb/skills/bmad-agent-builder/scripts/prepass-structure-capabilities.py","8c9122a9ce08d782de3d758ca1567d7dd53516e7e15eb558d795aa3c6558a04c"
"py","prepass-workflow-integrity","bmb","bmb/skills/bmad-workflow-builder/scripts/prepass-workflow-integrity.py","63286a163c251b796790abaf335c7240eab7d48e4abedc0e7a96500ac1f16a53"
"py","scan-path-standards","bmb","bmb/skills/bmad-agent-builder/scripts/scan-path-standards.py","fd712d858324adfd70928687eff75117606084eb49e6cd69ea3f789d9f3c9b0b"
"py","scan-path-standards","bmb","bmb/skills/bmad-workflow-builder/scripts/scan-path-standards.py","7da1facc7d19a284c2689ee089eb83656793dd48625ce579ed4cedbaf481a1fe"
"py","scan-scripts","bmb","bmb/skills/bmad-agent-builder/scripts/scan-scripts.py","d615afcff675655a60e5c9772c4a45aa4b97caac1ca8e1d81dab0b82bf95269b"
"py","scan-scripts","bmb","bmb/skills/bmad-workflow-builder/scripts/scan-scripts.py","d615afcff675655a60e5c9772c4a45aa4b97caac1ca8e1d81dab0b82bf95269b"
"yaml","bmad-skill-manifest","bmb","bmb/skills/bmad-agent-builder/bmad-skill-manifest.yaml","fba78c307309490c064510a2d87d29e608120d600a705fd1d6b110adbdb68e63"
"yaml","bmad-skill-manifest","bmb","bmb/skills/bmad-workflow-builder/bmad-skill-manifest.yaml","fba78c307309490c064510a2d87d29e608120d600a705fd1d6b110adbdb68e63"
"yaml","config","bmb","bmb/config.yaml","91363c68e903482a35fae88855f9ce431a208d3bd0a14a65d85fe149aeb4acc3"
"csv","default-party","bmm","bmm/teams/default-party.csv","5af107a5b9e9092aeb81bd8c8b9bbe7003afb7bc500e64d56da7cc27ae0c4a6e"
"csv","documentation-requirements","bmm","bmm/workflows/document-project/documentation-requirements.csv","d1253b99e88250f2130516b56027ed706e643bfec3d99316727a4c6ec65c6c1d"
"csv","domain-complexity","bmm","bmm/workflows/2-plan-workflows/create-prd/data/domain-complexity.csv","f775f09fb4dc1b9214ca22db4a3994ce53343d976d7f6e5384949835db6d2770"
"csv","domain-complexity","bmm","bmm/workflows/3-solutioning/create-architecture/data/domain-complexity.csv","3dc34ed39f1fc79a51f7b8fc92087edb7cd85c4393a891d220f2e8dd5a101c70"
"csv","module-help","bmm","bmm/module-help.csv","70ce6fcf717801e5b3d47f4d0496b027c5dc4e1ce0a0508613f5a4abd828a354"
"csv","project-types","bmm","bmm/workflows/2-plan-workflows/create-prd/data/project-types.csv","7a01d336e940fb7a59ff450064fd1194cdedda316370d939264a0a0adcc0aca3"
"csv","project-types","bmm","bmm/workflows/3-solutioning/create-architecture/data/project-types.csv","12343635a2f11343edb1d46906981d6f5e12b9cad2f612e13b09460b5e5106e7"
"json","project-scan-report-schema","bmm","bmm/workflows/document-project/templates/project-scan-report-schema.json","8466965321f1db22f5013869636199f67e0113706283c285a7ffbbf5efeea321"
"md","architecture-decision-template","bmm","bmm/workflows/3-solutioning/create-architecture/architecture-decision-template.md","5d9adf90c28df61031079280fd2e49998ec3b44fb3757c6a202cda353e172e9f"
"md","checklist","bmm","bmm/workflows/4-implementation/code-review/checklist.md","e30d2890ba5c50777bbe04071f754e975a1d7ec168501f321a79169c4201dd28"
"md","checklist","bmm","bmm/workflows/4-implementation/correct-course/checklist.md","24a3f3e0108398d490dcfbe8669afc50226673cad494f16a668b515ab24bf709"
"md","checklist","bmm","bmm/workflows/4-implementation/create-story/checklist.md","2c8b9d58ea997a6a71600031acb21c4477d8670cbb64c956c9480e942698bb48"
"md","checklist","bmm","bmm/workflows/4-implementation/dev-story/checklist.md","630b68c6824a8785003a65553c1f335222b17be93b1bd80524c23b38bde1d8af"
"md","checklist","bmm","bmm/workflows/4-implementation/sprint-planning/checklist.md","80b10aedcf88ab1641b8e5f99c9a400c8fd9014f13ca65befc5c83992e367dd7"
"md","checklist","bmm","bmm/workflows/document-project/checklist.md","581b0b034c25de17ac3678db2dbafedaeb113de37ddf15a4df6584cf2324a7d7"
"md","checklist","bmm","bmm/workflows/qa/automate/checklist.md","83cd779c6527ff34184dc86f9eebfc0a8a921aee694f063208aee78f80a8fb12"
"md","deep-dive-instructions","bmm","bmm/workflows/document-project/workflows/deep-dive-instructions.md","48b947d438c29a44bfda2ec3c05efcc987397055dc143a49d44c9d4174b7ac09"
"md","deep-dive-template","bmm","bmm/workflows/document-project/templates/deep-dive-template.md","6198aa731d87d6a318b5b8d180fc29b9aa53ff0966e02391c17333818e94ffe9"
"md","epics-template","bmm","bmm/workflows/3-solutioning/create-epics-and-stories/templates/epics-template.md","b8ec5562b2a77efd80c40eba0421bbaab931681552e5a0ff01cd93902c447ff7"
"md","full-scan-instructions","bmm","bmm/workflows/document-project/workflows/full-scan-instructions.md","419912da2b9ea5642c5eff1805f07b8dc29138c23fba0d1092da75506e5e29fb"
"md","index-template","bmm","bmm/workflows/document-project/templates/index-template.md","42c8a14f53088e4fda82f26a3fe41dc8a89d4bcb7a9659dd696136378b64ee90"
"md","instructions","bmm","bmm/workflows/4-implementation/correct-course/instructions.md","9e239bb0653ef06846b03458c4d341fe5b82b173344c0a65cf226b989ac91313"
"md","instructions","bmm","bmm/workflows/4-implementation/retrospective/instructions.md","8dbd18308a8bafc462759934125725222e09c48de2e9af3cde73789867293def"
"md","instructions","bmm","bmm/workflows/4-implementation/sprint-planning/instructions.md","888312e225ce1944c21a98fbf49c4f118967b3676b23919906bdeda1132a2833"
"md","instructions","bmm","bmm/workflows/4-implementation/sprint-status/instructions.md","d4b7107ddbe33fb5dfc68a626c55585837743c39d171c73052cd93532c35c11d"
"md","instructions","bmm","bmm/workflows/document-project/instructions.md","57762fb89b42df577da1188bc881cf3a8d75a1bcc60bce9e1ab2b8bcfdf29a66"
"md","instructions","bmm","bmm/workflows/qa/automate/instructions.md","3f3505f847f943b2f4a0699017c16e15fa3782f51090a0332304d7248e020e0c"
"md","prd-purpose","bmm","bmm/workflows/2-plan-workflows/create-prd/data/prd-purpose.md","49c4641b91504bb14e3887029b70beacaff83a2de200ced4f8cb11c1356ecaee"
"md","prd-template","bmm","bmm/workflows/2-plan-workflows/create-prd/templates/prd-template.md","7ccccab9c06a626b7a228783b0b9b6e4172e9ec0b10d47bbfab56958c898f837"
"md","product-brief.template","bmm","bmm/workflows/1-analysis/create-product-brief/product-brief.template.md","ae0f58b14455efd75a0d97ba68596a3f0b58f350cd1a0ee5b1af69540f949781"
"md","project-context-template","bmm","bmm/data/project-context-template.md","facd60b71649247146700b1dc7d709fa0ae09487f7cf2b5ff8f5ce1b3a8427e8"
"md","project-context-template","bmm","bmm/workflows/generate-project-context/project-context-template.md","54e351394ceceb0ac4b5b8135bb6295cf2c37f739c7fd11bb895ca16d79824a5"
"md","project-overview-template","bmm","bmm/workflows/document-project/templates/project-overview-template.md","a7c7325b75a5a678dca391b9b69b1e3409cfbe6da95e70443ed3ace164e287b2"
"md","readiness-report-template","bmm","bmm/workflows/3-solutioning/check-implementation-readiness/templates/readiness-report-template.md","0da97ab1e38818e642f36dc0ef24d2dae69fc6e0be59924dc2dbf44329738ff6"
"md","research.template","bmm","bmm/workflows/1-analysis/research/research.template.md","507bb6729476246b1ca2fca4693986d286a33af5529b6cd5cb1b0bb5ea9926ce"
"md","source-tree-template","bmm","bmm/workflows/document-project/templates/source-tree-template.md","109bc335ebb22f932b37c24cdc777a351264191825444a4d147c9b82a1e2ad7a"
"md","step-01-discover","bmm","bmm/workflows/generate-project-context/steps/step-01-discover.md","0f1455c018b2f6df0b896d25e677690e1cf58fa1b276d90f0723187d786d6613"
"md","step-01-document-discovery","bmm","bmm/workflows/3-solutioning/check-implementation-readiness/steps/step-01-document-discovery.md","9204972d801c28a76433230942c81bacc171e6b6951d3226cea9e7ca5c9310f1"
"md","step-01-init","bmm","bmm/workflows/1-analysis/create-product-brief/steps/step-01-init.md","256c5f87e9449ab921614e2f23644a6b5a1222178320d863429ee2a284905e32"
"md","step-01-init","bmm","bmm/workflows/1-analysis/research/domain-steps/step-01-init.md","efee243f13ef54401ded88f501967b8bc767460cec5561b2107fc03fe7b7eab1"
"md","step-01-init","bmm","bmm/workflows/1-analysis/research/market-steps/step-01-init.md","8dbd4a1520451945e8a5d5bccb489f9186b76f57f5bf3c77dbdf088e26ac7730"
"md","step-01-init","bmm","bmm/workflows/1-analysis/research/technical-steps/step-01-init.md","c9a1627ecd26227e944375eb691e7ee6bc9f5db29a428a5d53e5d6aef8bb9697"
"md","step-01-init","bmm","bmm/workflows/2-plan-workflows/create-prd/steps-c/step-01-init.md","6ad502fa5bf5639eaf6a42e8f0bc0f2b811e0a3fd2ae3a24ed3333365f99e23c"
"md","step-01-init","bmm","bmm/workflows/2-plan-workflows/create-ux-design/steps/step-01-init.md","7b3467a29126c9498b57b06d688f610bcb7a68a8975208c209dd1103546bc455"
"md","step-01-init","bmm","bmm/workflows/3-solutioning/create-architecture/steps/step-01-init.md","c730b1f23f0298853e5bf0b9007c2fc86e835fb3d53455d2068a6965d1192f49"
"md","step-01-mode-detection","bmm","bmm/workflows/bmad-quick-flow/quick-dev/steps/step-01-mode-detection.md","d3170f565ed21633a1f08b50c90349c93d1ec362fe6ec86c746f507796acd745"
"md","step-01-understand","bmm","bmm/workflows/bmad-quick-flow/quick-spec/steps/step-01-understand.md","9dcea07431d15d15357045e4e1522c3aa6978a099dadf8db674ecf4846e391c7"
"md","step-01-validate-prerequisites","bmm","bmm/workflows/3-solutioning/create-epics-and-stories/steps/step-01-validate-prerequisites.md","5ba8ba972e8376339ed2c9b75e4f98125521af0270bb5dff6e47ec73137e01de"
"md","step-01b-continue","bmm","bmm/workflows/1-analysis/create-product-brief/steps/step-01b-continue.md","08bd92dc8486983ac8b5b19efd943d2fd83f2a6f6ba247aad9bb075e12b20860"
"md","step-01b-continue","bmm","bmm/workflows/2-plan-workflows/create-prd/steps-c/step-01b-continue.md","4e8af43d1847236333566efaa4b0b5e63d706e673872705ee6f215a7ccb9d715"
"md","step-01b-continue","bmm","bmm/workflows/2-plan-workflows/create-ux-design/steps/step-01b-continue.md","fde4bf8fa3a6d3230d20cb23e71cbc8e2db1cd2b30b693e13d0b3184bc6bb9a6"
"md","step-01b-continue","bmm","bmm/workflows/3-solutioning/create-architecture/steps/step-01b-continue.md","c6cc389b49682a8835382d477d803a75acbad01b24da1b7074ce140d82b278dc"
"md","step-02-context","bmm","bmm/workflows/3-solutioning/create-architecture/steps/step-02-context.md","07387b1d8c2f92c646bdbad88ad1401d0295c3adecc1637f07630173d8939088"
"md","step-02-context-gathering","bmm","bmm/workflows/bmad-quick-flow/quick-dev/steps/step-02-context-gathering.md","a79d99cc35e43442acda2ce7da80f26f4f50e2be08f38c10e4e5695ce0ff6016"
"md","step-02-customer-behavior","bmm","bmm/workflows/1-analysis/research/market-steps/step-02-customer-behavior.md","ca77a54143c2df684cf859e10cea48c6ea1ce8e297068a0f0f26ee63d3170c1e"
"md","step-02-design-epics","bmm","bmm/workflows/3-solutioning/create-epics-and-stories/steps/step-02-design-epics.md","2c18d76a9b73eae8b9f552cd4252f8208a0c017624ddbaf6bcbe7b28ddfa217e"
"md","step-02-discovery","bmm","bmm/workflows/2-plan-workflows/create-prd/steps-c/step-02-discovery.md","706d3e040c3997d1985e5088cd05e9310b3e3ee5c37d49f0edd24f54b7b88cc5"
"md","step-02-discovery","bmm","bmm/workflows/2-plan-workflows/create-ux-design/steps/step-02-discovery.md","6d340f83d62f873a4c09371a38c77dc9ce9726cd6cd1cf9bf89ddec09f36af4c"
"md","step-02-domain-analysis","bmm","bmm/workflows/1-analysis/research/domain-steps/step-02-domain-analysis.md","385a288d9bbb0adf050bcce4da4dad198a9151822f9766900404636f2b0c7f9d"
"md","step-02-generate","bmm","bmm/workflows/generate-project-context/steps/step-02-generate.md","0fff27dab748b4600d02d2fb083513fa4a4e061ed66828b633f7998fcf8257e1"
"md","step-02-investigate","bmm","bmm/workflows/bmad-quick-flow/quick-spec/steps/step-02-investigate.md","dafa8215d11132018f0ca706d4c1073cc7c97ae006f0f0b7667978e84bfbee3e"
"md","step-02-prd-analysis","bmm","bmm/workflows/3-solutioning/check-implementation-readiness/steps/step-02-prd-analysis.md","f8c4f293c0a040fa9f73829ffeabfa073d0a8ade583adaefb26431ec83a76398"
"md","step-02-technical-overview","bmm","bmm/workflows/1-analysis/research/technical-steps/step-02-technical-overview.md","9c7582241038b16280cddce86f2943216541275daf0a935dcab78f362904b305"
"md","step-02-vision","bmm","bmm/workflows/1-analysis/create-product-brief/steps/step-02-vision.md","a6262132ec081165358941df207d02e29e5ab00b4f516adf2772effa46d21dd5"
"md","step-02b-vision","bmm","bmm/workflows/2-plan-workflows/create-prd/steps-c/step-02b-vision.md","3b4ec4c20d83ae432d3514742cb00ad58ba653524e7158ea1b1e2c7e8266ea61"
"md","step-02c-executive-summary","bmm","bmm/workflows/2-plan-workflows/create-prd/steps-c/step-02c-executive-summary.md","5f759250087222be739b3cd8f1d4100626d377345b330fcc013388ec16cb855e"
"md","step-03-competitive-landscape","bmm","bmm/workflows/1-analysis/research/domain-steps/step-03-competitive-landscape.md","f10aa088ba00c59491507f6519fb314139f8be6807958bb5fd1b66bff2267749"
"md","step-03-complete","bmm","bmm/workflows/generate-project-context/steps/step-03-complete.md","cf8d1d1904aeddaddb043c3c365d026cd238891cd702c2b78bae032a8e08ae17"
"md","step-03-core-experience","bmm","bmm/workflows/2-plan-workflows/create-ux-design/steps/step-03-core-experience.md","b23ce8244db8a183761a9420fa54ff285bbf7c54b2d30c62c32d3cf8cb4c2f00"
"md","step-03-create-stories","bmm","bmm/workflows/3-solutioning/create-epics-and-stories/steps/step-03-create-stories.md","e6deb22291f05a96e56f5cb3ab88eca3bb6df564208edd8fcc693d4c27139f29"
"md","step-03-customer-pain-points","bmm","bmm/workflows/1-analysis/research/market-steps/step-03-customer-pain-points.md","ce7394a73a7d3dd627280a8bef0ed04c11e4036275acc4b50c666fd1d84172c4"
"md","step-03-epic-coverage-validation","bmm","bmm/workflows/3-solutioning/check-implementation-readiness/steps/step-03-epic-coverage-validation.md","f425bcac163b9ea63a004039ff65fffea3499d9e01a2821bb11e0e17e6b6fc52"
"md","step-03-execute","bmm","bmm/workflows/bmad-quick-flow/quick-dev/steps/step-03-execute.md","463a7865ed9efde3cf073e87ecae591bd668f62746b42f4f4c94a1ba4e4b9da0"
"md","step-03-generate","bmm","bmm/workflows/bmad-quick-flow/quick-spec/steps/step-03-generate.md","c59fe4fe129c2b0461ba0382fdbfcf9160c1997a1a0dca271261bdf006ff2364"
"md","step-03-integration-patterns","bmm","bmm/workflows/1-analysis/research/technical-steps/step-03-integration-patterns.md","005d517a2f962e2172e26b23d10d5e6684c7736c0d3982e27b2e72d905814ad9"
"md","step-03-starter","bmm","bmm/workflows/3-solutioning/create-architecture/steps/step-03-starter.md","535124eb8228ffa628fee5b2e89b9a66d4c2c5d29485c11ccc0d1062b6d674e2"
"md","step-03-success","bmm","bmm/workflows/2-plan-workflows/create-prd/steps-c/step-03-success.md","7b7b339c36ab34953dc542f48a3ed38da420078ee62bbf840a4cb939a3121567"
"md","step-03-users","bmm","bmm/workflows/1-analysis/create-product-brief/steps/step-03-users.md","7d3884a502341bd5912eac8b24af5bb961385f353b4a37cee916f0a2b2226b97"
"md","step-04-architectural-patterns","bmm","bmm/workflows/1-analysis/research/technical-steps/step-04-architectural-patterns.md","4636f23e9c585a7a0c90437a660609d913f16362c3557fc2e71d408d6b9f46ce"
"md","step-04-customer-decisions","bmm","bmm/workflows/1-analysis/research/market-steps/step-04-customer-decisions.md","17dde68d655f7c66b47ed59088c841d28d206ee02137388534b141d9a8465cf9"
"md","step-04-decisions","bmm","bmm/workflows/3-solutioning/create-architecture/steps/step-04-decisions.md","41829279a6ffec9b87870fc0a87e8738b529f07f47ec65dabd983e39d582f8b8"
"md","step-04-emotional-response","bmm","bmm/workflows/2-plan-workflows/create-ux-design/steps/step-04-emotional-response.md","45ff4c3e907f32c91d78f101a78b075f5731642628474c36b7e06c13fd9519e6"
"md","step-04-final-validation","bmm","bmm/workflows/3-solutioning/create-epics-and-stories/steps/step-04-final-validation.md","c507a3ddf39f657d1c9934c9105d079a7fe78694f19bd519e845a010b3afbda4"
"md","step-04-journeys","bmm","bmm/workflows/2-plan-workflows/create-prd/steps-c/step-04-journeys.md","ff297509882def062ab58de4ae922472dd05b562338689c8ac25a24bedad7dca"
"md","step-04-metrics","bmm","bmm/workflows/1-analysis/create-product-brief/steps/step-04-metrics.md","887af175137069fe498f1fd26db2995d1ad00d658cf15598846ae30d03ce0ce5"
"md","step-04-regulatory-focus","bmm","bmm/workflows/1-analysis/research/domain-steps/step-04-regulatory-focus.md","d22035529efe91993e698b4ebf297bf2e7593eb41d185a661c357a8afc08977b"
"md","step-04-review","bmm","bmm/workflows/bmad-quick-flow/quick-spec/steps/step-04-review.md","aa246ba5793f3a1c6dd434b388b41ccfb9e675bb55664a900a4eb2486e2a40e3"
"md","step-04-self-check","bmm","bmm/workflows/bmad-quick-flow/quick-dev/steps/step-04-self-check.md","14e852bf6fa6f19a7457a774f255e1bc6247e6926a9d69d7631b832bf8e7e723"
"md","step-04-ux-alignment","bmm","bmm/workflows/3-solutioning/check-implementation-readiness/steps/step-04-ux-alignment.md","d2e15adf2aecc2c72f9bb9051e94042fc522fd7cfb16376f41bdcdd294319703"
"md","step-05-adversarial-review","bmm","bmm/workflows/bmad-quick-flow/quick-dev/steps/step-05-adversarial-review.md","310bebff807efed4523acf507cfe98ff9bead3965627f969585ba8c12326d93f"
"md","step-05-competitive-analysis","bmm","bmm/workflows/1-analysis/research/market-steps/step-05-competitive-analysis.md","ff6f606a80ffaf09aa325e38a4ceb321b97019e6542241b2ed4e8eb38b35efa8"
"md","step-05-domain","bmm","bmm/workflows/2-plan-workflows/create-prd/steps-c/step-05-domain.md","af444794fffb622cd2d18604ed189cd2efe86c34626d16b5ac1c43b6c14ed551"
"md","step-05-epic-quality-review","bmm","bmm/workflows/3-solutioning/check-implementation-readiness/steps/step-05-epic-quality-review.md","e7fd60676d6ade485de77ce2dd4229811912594cb924d6c15bae5d9bdf105a7d"
"md","step-05-implementation-research","bmm","bmm/workflows/1-analysis/research/technical-steps/step-05-implementation-research.md","e2b8a2c79bcebadc85f3823145980fa47d7e7be8d1c112f686c6223c8c138608"
"md","step-05-inspiration","bmm","bmm/workflows/2-plan-workflows/create-ux-design/steps/step-05-inspiration.md","74ea94822de791eb24f2e2ca39c3acf01a98b2184f23b1c980e2ada6fd11ae5e"
"md","step-05-patterns","bmm","bmm/workflows/3-solutioning/create-architecture/steps/step-05-patterns.md","b6bbca68efc7ff66d2f0fc39d8219898c63fd9c0923cb020ad8ac0d469e6fcff"
"md","step-05-scope","bmm","bmm/workflows/1-analysis/create-product-brief/steps/step-05-scope.md","bd7f8878dd8058e1932151d8cbc468bfc2c6dadb0258d93ed967189d0629dff4"
"md","step-05-technical-trends","bmm","bmm/workflows/1-analysis/research/domain-steps/step-05-technical-trends.md","fd6c577010171679f630805eb76e09daf823c2b9770eb716986d01f351ce1fb4"
"md","step-06-complete","bmm","bmm/workflows/1-analysis/create-product-brief/steps/step-06-complete.md","6594a18f37063fcaa0341845df7e59c7bae9543eb4d32d4a3a8e5fdd77402972"
"md","step-06-design-system","bmm","bmm/workflows/2-plan-workflows/create-ux-design/steps/step-06-design-system.md","6e3ead73073ef51ac952f4cf9491635e5d6825525a4af5d5cbf6e2675db69404"
"md","step-06-final-assessment","bmm","bmm/workflows/3-solutioning/check-implementation-readiness/steps/step-06-final-assessment.md","813329a73f0e48374f337ec719e6b7715b95fb3ba43645143b882ea41acc4d91"
"md","step-06-innovation","bmm","bmm/workflows/2-plan-workflows/create-prd/steps-c/step-06-innovation.md","efdd55674bd8329a5d963396c841523d73ffebd168add77bc01425e478e22bc4"
"md","step-06-research-completion","bmm","bmm/workflows/1-analysis/research/market-steps/step-06-research-completion.md","30d5e14f39df193ebce952dfed2bd4009d68fe844e28ad3a29f5667382ebc6d2"
"md","step-06-research-synthesis","bmm","bmm/workflows/1-analysis/research/domain-steps/step-06-research-synthesis.md","4c7727b8d3c6272c1b2b84ea58a67fc86cafab3472c0caf54e8b8cee3fa411fc"
"md","step-06-research-synthesis","bmm","bmm/workflows/1-analysis/research/technical-steps/step-06-research-synthesis.md","1f12aaeccd2d3225608ba00117c567a2097d22d35a5ba7580b45fb9c0a1d2814"
"md","step-06-resolve-findings","bmm","bmm/workflows/bmad-quick-flow/quick-dev/steps/step-06-resolve-findings.md","e657af6e3687e15852c860f018b73aa263bdcf6b9d544771a8c0c715581a2c99"
"md","step-06-structure","bmm","bmm/workflows/3-solutioning/create-architecture/steps/step-06-structure.md","716819821cf7e2a6ce5852785e86e2c77c9f8d1d24e08b86889854365a78e552"
"md","step-07-defining-experience","bmm","bmm/workflows/2-plan-workflows/create-ux-design/steps/step-07-defining-experience.md","89964c435273a08b3065732a23bc0c3bc1290ac2ecd9339d9ff2eb6ecb890b06"
"md","step-07-project-type","bmm","bmm/workflows/2-plan-workflows/create-prd/steps-c/step-07-project-type.md","325e9853015fb844fc80c0b7c00526d0107dcae9a1bfe3b57d956940fc9e29ba"
"md","step-07-validation","bmm","bmm/workflows/3-solutioning/create-architecture/steps/step-07-validation.md","1305a67b660fcd61346de2bb8087547c8414f60381ba896762d71f6fa9cebeaf"
"md","step-08-complete","bmm","bmm/workflows/3-solutioning/create-architecture/steps/step-08-complete.md","b4dc514afd17e836458f6eb786318fdc2ecee1466c673eca4c800955ffae52e4"
"md","step-08-scoping","bmm","bmm/workflows/2-plan-workflows/create-prd/steps-c/step-08-scoping.md","8e043d237fb7d3af77b5375629dd4e47054832c98279024d66e090d48d766075"
"md","step-08-visual-foundation","bmm","bmm/workflows/2-plan-workflows/create-ux-design/steps/step-08-visual-foundation.md","8aee1183b3c0e5f379e2c20512665e06ef1189d357ac9a845e3616be35a79c47"
"md","step-09-design-directions","bmm","bmm/workflows/2-plan-workflows/create-ux-design/steps/step-09-design-directions.md","6ab5f1302ec43aed52f45a2842ae49dc4bd98b2d12109d5657c9f04e4b434f89"
"md","step-09-functional","bmm","bmm/workflows/2-plan-workflows/create-prd/steps-c/step-09-functional.md","13ced8348b8bb0b7cd88f0400b538fabbcb1fb3c23525bf4fffb7ca9f4c37c8c"
"md","step-10-nonfunctional","bmm","bmm/workflows/2-plan-workflows/create-prd/steps-c/step-10-nonfunctional.md","e37395a792ac3b81c635993c27748ebd6d781c755ed49e580cd7c78e5486a012"
"md","step-10-user-journeys","bmm","bmm/workflows/2-plan-workflows/create-ux-design/steps/step-10-user-journeys.md","30866f55e179d0985efcf57120e63dfbb1fa3ddb6fa9623c4ee0e0b9738f0467"
"md","step-11-component-strategy","bmm","bmm/workflows/2-plan-workflows/create-ux-design/steps/step-11-component-strategy.md","ed805fafa72fb703b1e89b3c59c0c2dbe99c3021e009858602a92cfb473727a6"
"md","step-11-polish","bmm","bmm/workflows/2-plan-workflows/create-prd/steps-c/step-11-polish.md","935655a256562b6b3420c091a56067c34c35819343a78927ca138c9ea8b92a97"
"md","step-12-complete","bmm","bmm/workflows/2-plan-workflows/create-prd/steps-c/step-12-complete.md","5443ef1e08c70fdd15092db6f65cb67fe2cded357ed1b5f4918398e404901bf8"
"md","step-12-ux-patterns","bmm","bmm/workflows/2-plan-workflows/create-ux-design/steps/step-12-ux-patterns.md","d9bfabc5322aca6e2ba512fa6b39bcdac885b8010dd8c4768c10e33524a04b08"
"md","step-13-responsive-accessibility","bmm","bmm/workflows/2-plan-workflows/create-ux-design/steps/step-13-responsive-accessibility.md","f9f2ae70026eb5524a372332632240cea765360ed90a47fea316a65cc3e0e7ce"
"md","step-14-complete","bmm","bmm/workflows/2-plan-workflows/create-ux-design/steps/step-14-complete.md","73cc7521dad3db2c730b06731a90df40016e67bdfefa6b6537a18d979c0f14df"
"md","step-e-01-discovery","bmm","bmm/workflows/2-plan-workflows/create-prd/steps-e/step-e-01-discovery.md","2bc88c9480ac5986c06672533ab2080b1ee01086033c8e441a8c80551c8a99ee"
"md","step-e-01b-legacy-conversion","bmm","bmm/workflows/2-plan-workflows/create-prd/steps-e/step-e-01b-legacy-conversion.md","e6bbe9020e6986a620fc0299a48e6c31c9d1ec14691df11be71baeb79837bc92"
"md","step-e-02-review","bmm","bmm/workflows/2-plan-workflows/create-prd/steps-e/step-e-02-review.md","b2660d88a445dc3f8f168f96ca92d4a1a36949e3b39fbf6cda5c77129636d9b1"
"md","step-e-03-edit","bmm","bmm/workflows/2-plan-workflows/create-prd/steps-e/step-e-03-edit.md","dfcc3e4f0b1ec050d4985af04dc02b28174a995e95327ca01ae4b8cac10cc1e5"
"md","step-e-04-complete","bmm","bmm/workflows/2-plan-workflows/create-prd/steps-e/step-e-04-complete.md","a1100f8639120311cbaf5a5a880db4e137216bc4bd0110b0926004107a99d3c3"
"md","step-v-01-discovery","bmm","bmm/workflows/2-plan-workflows/create-prd/steps-v/step-v-01-discovery.md","bd3353377451ab6ebffdb94895c4e089fb2e5dce4ecb33c5b69f42f71022ea1f"
"md","step-v-02-format-detection","bmm","bmm/workflows/2-plan-workflows/create-prd/steps-v/step-v-02-format-detection.md","251ea5a1cf7779db2dc39d5d8317976a27f84b421359c1974ae96c0943094341"
"md","step-v-02b-parity-check","bmm","bmm/workflows/2-plan-workflows/create-prd/steps-v/step-v-02b-parity-check.md","3481beae212bb0140c105d0ae87bb9714859c93a471048048512fd1278da2fcd"
"md","step-v-03-density-validation","bmm","bmm/workflows/2-plan-workflows/create-prd/steps-v/step-v-03-density-validation.md","5b95ecd032fb65f86b7eee7ce7c30c997dc2a8b5e4846d88c2853538591a9e40"
"md","step-v-04-brief-coverage-validation","bmm","bmm/workflows/2-plan-workflows/create-prd/steps-v/step-v-04-brief-coverage-validation.md","97eb248c7d67e6e5121dd0b020409583998fba433799ea4c5c8cb40c7ff9c7c1"
"md","step-v-05-measurability-validation","bmm","bmm/workflows/2-plan-workflows/create-prd/steps-v/step-v-05-measurability-validation.md","2f331ee6d4f174dec0e4b434bf7691bfcf3a13c6ee0c47a65989badaa6b6a28c"
"md","step-v-06-traceability-validation","bmm","bmm/workflows/2-plan-workflows/create-prd/steps-v/step-v-06-traceability-validation.md","970ea67486211a611a701e1490ab7e8f2f98060a9f78760b6ebfdb9f37743c74"
"md","step-v-07-implementation-leakage-validation","bmm","bmm/workflows/2-plan-workflows/create-prd/steps-v/step-v-07-implementation-leakage-validation.md","f75d1d808fdf3d61b15bea55418b82df747f45902b6b22fe541e83b4ea3fa465"
"md","step-v-08-domain-compliance-validation","bmm","bmm/workflows/2-plan-workflows/create-prd/steps-v/step-v-08-domain-compliance-validation.md","a1902baaf4eaaf946e5c2c2101a1ac46f8ee4397e599218b8dc030cd00c97512"
"md","step-v-09-project-type-validation","bmm","bmm/workflows/2-plan-workflows/create-prd/steps-v/step-v-09-project-type-validation.md","d53e95264625335184284d3f9d0fc6e7674f67bdf97e19362fc33df4bea7f096"
"md","step-v-10-smart-validation","bmm","bmm/workflows/2-plan-workflows/create-prd/steps-v/step-v-10-smart-validation.md","22d48a72bc599f45bbf8c3e81d651d3a1265a6450866c0689bf287f43d7874a4"
"md","step-v-11-holistic-quality-validation","bmm","bmm/workflows/2-plan-workflows/create-prd/steps-v/step-v-11-holistic-quality-validation.md","1022a1454aadff28e39fd5fa71dd76d8eefccfe438b9ef517a19b44d935c0f5b"
"md","step-v-12-completeness-validation","bmm","bmm/workflows/2-plan-workflows/create-prd/steps-v/step-v-12-completeness-validation.md","c966933a0ca3753db75591325cef4d4bdaf9639a1a63f9438758d32f7e1a1dda"
"md","step-v-13-report-complete","bmm","bmm/workflows/2-plan-workflows/create-prd/steps-v/step-v-13-report-complete.md","9184ef4045829406323c714044ca9c70152ad425e559019633b13829434f6378"
"md","tech-spec-template","bmm","bmm/workflows/bmad-quick-flow/quick-spec/tech-spec-template.md","6e0ac4991508fec75d33bbe36197e1576d7b2a1ea7ceba656d616e7d7dadcf03"
"md","template","bmm","bmm/workflows/4-implementation/create-story/template.md","29ba697368d77e88e88d0e7ac78caf7a78785a7dcfc291082aa96a62948afb67"
"md","ux-design-template","bmm","bmm/workflows/2-plan-workflows/create-ux-design/ux-design-template.md","ffa4b89376cd9db6faab682710b7ce755990b1197a8b3e16b17748656d1fca6a"
"md","workflow","bmm","bmm/workflows/1-analysis/create-product-brief/workflow.md","5858d72a2fd8010a40d86d7e7581e44af9eb3432f13a236575035a21807e755a"
"md","workflow","bmm","bmm/workflows/2-plan-workflows/create-ux-design/workflow.md","10ffb0f43a4e204ecd1a67bf5bff52d6929847651ad096bbe833cf1f0eb198c5"
"md","workflow","bmm","bmm/workflows/3-solutioning/check-implementation-readiness/workflow.md","ddfe66e2ced3a092d0be1606d36c5eb9610602e939059c902b22da1aa202e904"
"md","workflow","bmm","bmm/workflows/3-solutioning/create-architecture/workflow.md","ad930c2c9b991fb56f0d04cfdbc69d04bffd5df2c515ca570ad7d388f56a055c"
"md","workflow","bmm","bmm/workflows/3-solutioning/create-epics-and-stories/workflow.md","d40eb6e04de52d4265af460322a9487bb2c241453b0a59940e1bb04836a7ba65"
"md","workflow","bmm","bmm/workflows/bmad-quick-flow/quick-dev/workflow.md","2f2b404184346494cb769b36aab2872b0b9aaaad38057d42a7702cf6c5110501"
"md","workflow","bmm","bmm/workflows/bmad-quick-flow/quick-spec/workflow.md","57125255ac43c2ccaa421b6334ee1c5362db140e408a7d94be6e32d4c2e6cc47"
"md","workflow","bmm","bmm/workflows/generate-project-context/workflow.md","0da857be1b7fb46fc29afba22b78a8b2150b17db36db68fd254ad925a20666aa"
"md","workflow-create-prd","bmm","bmm/workflows/2-plan-workflows/create-prd/workflow-create-prd.md","2331a3f02fd4bc3628e3bb1684645e8392a77e8b5b9f918e55554616a2bfe06b"
"md","workflow-domain-research","bmm","bmm/workflows/1-analysis/research/workflow-domain-research.md","137509e99ad4b11c391ebe87832d4820c46da75ed8570dd5b5a71f4372b75c73"
"md","workflow-edit-prd","bmm","bmm/workflows/2-plan-workflows/create-prd/workflow-edit-prd.md","e433664058429f54b49237ad7b2eba43fb115b8b9c68c87846f9523405ac73ef"
"md","workflow-market-research","bmm","bmm/workflows/1-analysis/research/workflow-market-research.md","2798d9cbeab426df7f2bcc228771fc5d5e1a58302eef769e2bbd36ce7d7f43e4"
"md","workflow-technical-research","bmm","bmm/workflows/1-analysis/research/workflow-technical-research.md","16974efc305ab195209232eea5e7ab828df2c6244b8c2ba7ca4a517e90b38b64"
"md","workflow-validate-prd","bmm","bmm/workflows/2-plan-workflows/create-prd/workflow-validate-prd.md","149cd27aef9df5b5d7bb7c94b3b7d077aba1a17dc647de673d60da15ddc62539"
"xml","instructions","bmm","bmm/workflows/4-implementation/code-review/instructions.xml","1a6f0ae7d69a5c27b09de3efab2b205a007b466976acdeeaebf7f3abec7feb68"
"xml","instructions","bmm","bmm/workflows/4-implementation/create-story/instructions.xml","d4edc80bd7ccc0f7a844ecb575016b79380e255a236d1182f5f7312a104f0e3a"
"xml","instructions","bmm","bmm/workflows/4-implementation/dev-story/instructions.xml","b177c039072ad5e8a54374e6a17a2074dd608fd4da047bef528e362919a0fde8"
"yaml","config","bmm","bmm/config.yaml","61c8f7e35bff92975900ae724e66c0d3b74225723d5b38c461078253ce8cd33a"
"yaml","deep-dive","bmm","bmm/workflows/document-project/workflows/deep-dive.yaml","efa8d70a594b7580f5312340f93da16f9e106419b1b1d06d2e23d6a30ef963fa"
"yaml","full-scan","bmm","bmm/workflows/document-project/workflows/full-scan.yaml","9d71cce37de1c3f43a7122f3c9705abdf3d677141698a2ab1b89a225f78f3fa9"
"yaml","sprint-status-template","bmm","bmm/workflows/4-implementation/sprint-planning/sprint-status-template.yaml","0d7fe922f21d4f00e538c265ff90e470c3e2eca761e663d84b7a1320b2f25980"
"yaml","team-fullstack","bmm","bmm/teams/team-fullstack.yaml","da8346b10dfad8e1164a11abeb3b0a84a1d8b5f04e01e8490a44ffca477a1b96"
"yaml","workflow","bmm","bmm/workflows/4-implementation/code-review/workflow.yaml","a431060bb5069fb2abe6dac53f2b9bb9ed154319b874cd00f8b5face0496073e"
"yaml","workflow","bmm","bmm/workflows/4-implementation/correct-course/workflow.yaml","db0da2523bdef2fb7cecb9d26fc2795370a0e83eb3a73dd5f871c1a8e8f667b2"
"yaml","workflow","bmm","bmm/workflows/4-implementation/create-story/workflow.yaml","c1f1a56a1a485f24c3b8cadd9f583cc684a60e2219b4fc173724b366d7cfd1ad"
"yaml","workflow","bmm","bmm/workflows/4-implementation/dev-story/workflow.yaml","5675197327e95be199e42d19a7361e529f86e7e067cebd359a40532555650db3"
"yaml","workflow","bmm","bmm/workflows/4-implementation/retrospective/workflow.yaml","4e93ddc82ea0e875894ec27564b97970b57f6bfe29e257ada8fa628d8a579002"
"yaml","workflow","bmm","bmm/workflows/4-implementation/sprint-planning/workflow.yaml","efe6ef312dfc9b92a5837f2cf74bcd0b52cd5a1a171067d530934c5f6b42ed57"
"yaml","workflow","bmm","bmm/workflows/4-implementation/sprint-status/workflow.yaml","391bb9c265cb930654b06948c442101bc3def3fdc880b8481773a51a17d5d989"
"yaml","workflow","bmm","bmm/workflows/document-project/workflow.yaml","0c8f6ed05c48ec69b7ebb1cfe3acda65c6480abb082d6dbd7696405978127b91"
"yaml","workflow","bmm","bmm/workflows/qa/automate/workflow.yaml","71503c95c1dddd963cc689d6cbeb38d9cacdbc747a5467f1c933394548c34cc0"
"csv","design-methods","cis","cis/skills/bmad-cis-design-thinking/design-methods.csv","97a1fa87aaa355ce855c2c4e3bbfde59cb4ed2166cf9896496af786f10c13459"
"csv","innovation-frameworks","cis","cis/skills/bmad-cis-innovation-strategy/innovation-frameworks.csv","bd1d191062302353d2562a54751f8f263ce47e143202e2c0fe41315c2be9eb95"
"csv","module-help","cis","cis/module-help.csv","ba1c2077041471eddc0ca80f15cfbcf0156a033710a9669b1c0165303cd05c27"
"csv","solving-methods","cis","cis/skills/bmad-cis-problem-solving/solving-methods.csv","f3a380b12b21ec2410d1ac44bc8ca1970b0a04a21bfe3dd0370ac7ed1ec0d2c0"
"csv","story-types","cis","cis/skills/bmad-cis-storytelling/story-types.csv","8cf3d49d3ce771f30b6d9c0c936d35f92b8af23e0962c876df832c02d605f1ce"
"md","SKILL","cis","cis/skills/bmad-cis-agent-brainstorming-coach/SKILL.md","1d137d73b3fb05ee2edf156bc72b57f5c905047be5367873661227396ed8e27d"
"md","SKILL","cis","cis/skills/bmad-cis-agent-creative-problem-solver/SKILL.md","b7797535b31b439535d487603f077876cba74ed2a29352f4e76809eec562a874"
"md","SKILL","cis","cis/skills/bmad-cis-agent-design-thinking-coach/SKILL.md","ef3004840e3f9b62ec8bbc89a65e53bbc85416039fd12be7d3108e9a7dd2a24e"
"md","SKILL","cis","cis/skills/bmad-cis-agent-innovation-strategist/SKILL.md","e8f88a3f83dda666867e65f45c58318423df55796c5a943d619bfa9fe0924183"
"md","SKILL","cis","cis/skills/bmad-cis-agent-presentation-master/SKILL.md","c7bbba4ceee5321bc5dd1b42052da4d052f15cbde4599f7ed0b42bca40ce3b20"
"md","SKILL","cis","cis/skills/bmad-cis-agent-storyteller/SKILL.md","cb9c4680ee16856d94861a5be68eae89187f95962e2cd62d486bbf939f811b1e"
"md","SKILL","cis","cis/skills/bmad-cis-design-thinking/SKILL.md","6402dd05b1a9f035f7c9d474ca41d0a132069d4412414ae27dae62ea1882d321"
"md","SKILL","cis","cis/skills/bmad-cis-innovation-strategy/SKILL.md","d175c0fd1a84225cba24546e7a47347afd59e89619b438a81bfc108e89060de6"
"md","SKILL","cis","cis/skills/bmad-cis-problem-solving/SKILL.md","77327ef9062220ce936b7e74c7b995a01d8997b7390634ef0778f22ac17b6b8c"
"md","SKILL","cis","cis/skills/bmad-cis-storytelling/SKILL.md","a6169e1b9501c08066f91857c3dbf64da1fa7fe1bf131a839a5e3ea95a340763"
"md","stories-told","cis","cis/skills/bmad-cis-agent-storyteller/stories-told.md","8d7cb6a41382340a550c88627ef0c680ee7c20d61b53a7b18994d27f2368a5d4"
"md","story-preferences","cis","cis/skills/bmad-cis-agent-storyteller/story-preferences.md","b269d52c87cf6913ff2ce31772ed5faa5d064ab5f6889be6c9bec3c9b2e7c47a"
"md","template","cis","cis/skills/bmad-cis-design-thinking/template.md","7bcf6d0cd09de3c0d91f3f49ee280177365dabb64ed814b97e83e73082643c37"
"md","template","cis","cis/skills/bmad-cis-innovation-strategy/template.md","ab574d69fa13e21c806101a9089563b541013f6df44255d800ea24d4cb6d7136"
"md","template","cis","cis/skills/bmad-cis-problem-solving/template.md","c46fbdf42a1d9ad732f562e4add05020198ffc7ba18d134718e1cd960752c390"
"md","template","cis","cis/skills/bmad-cis-storytelling/template.md","290615dbd530dc13843a87ebedd107b390bcfd57cf68df67cd250dea8f49b2dd"
"md","workflow","cis","cis/skills/bmad-cis-design-thinking/workflow.md","19cba5bbf522b7d9c2865f0a7270abe739fc54b600e97e015c1bbc45274e757e"
"md","workflow","cis","cis/skills/bmad-cis-innovation-strategy/workflow.md","9de30e25299963f0d1633fd51c6b4511ad838ac9b79ac050ee43f902718f5b04"
"md","workflow","cis","cis/skills/bmad-cis-problem-solving/workflow.md","ce8fdba34e03c0fa3762bcc5ff8c962502547926075aa1498c5c7d2651ba0f0a"
"md","workflow","cis","cis/skills/bmad-cis-storytelling/workflow.md","7e53145fdd66da6151d6bfae46989cb96147a9a3806222453a4a592f182cbcdb"
"yaml","bmad-skill-manifest","cis","cis/skills/bmad-cis-agent-brainstorming-coach/bmad-skill-manifest.yaml","5ffcd83f53cd9a14debca388ba6a2edb1f73841dbd78f6c30a4f1cf350eb7f14"
"yaml","bmad-skill-manifest","cis","cis/skills/bmad-cis-agent-creative-problem-solver/bmad-skill-manifest.yaml","f6ccf72134e13799bd7ad1519e18a0268ad41da7d86fe7afebce515f4c6c40e7"
"yaml","bmad-skill-manifest","cis","cis/skills/bmad-cis-agent-design-thinking-coach/bmad-skill-manifest.yaml","660dded1131af5b53e5bbd3c191b0b407a95e0fac0716cd3a2a1bc6e1218d321"
"yaml","bmad-skill-manifest","cis","cis/skills/bmad-cis-agent-innovation-strategist/bmad-skill-manifest.yaml","385c09309c471076256c5cae016ed02ac27780646ee1c3b33952d4866b179cab"
"yaml","bmad-skill-manifest","cis","cis/skills/bmad-cis-agent-presentation-master/bmad-skill-manifest.yaml","cbc72e716b412cfeb7eafae0ab5511c8cef9603e6812599e05c2d9d83a8b2f28"
"yaml","bmad-skill-manifest","cis","cis/skills/bmad-cis-agent-storyteller/bmad-skill-manifest.yaml","6115ffb71bb783c0a76d30a10033afff2cfd47db550f8d482981ff43b4b4ca75"
"yaml","bmad-skill-manifest","cis","cis/skills/bmad-cis-design-thinking/bmad-skill-manifest.yaml","fba78c307309490c064510a2d87d29e608120d600a705fd1d6b110adbdb68e63"
"yaml","bmad-skill-manifest","cis","cis/skills/bmad-cis-innovation-strategy/bmad-skill-manifest.yaml","fba78c307309490c064510a2d87d29e608120d600a705fd1d6b110adbdb68e63"
"yaml","bmad-skill-manifest","cis","cis/skills/bmad-cis-problem-solving/bmad-skill-manifest.yaml","fba78c307309490c064510a2d87d29e608120d600a705fd1d6b110adbdb68e63"
"yaml","bmad-skill-manifest","cis","cis/skills/bmad-cis-storytelling/bmad-skill-manifest.yaml","fba78c307309490c064510a2d87d29e608120d600a705fd1d6b110adbdb68e63"
"yaml","config","cis","cis/config.yaml","a82cf1d6975dcb2f726923271161400a2e2bcbc3f16bd0e7b64bcc9075dfd5b9"
"csv","brain-methods","core","core/workflows/brainstorming/brain-methods.csv","0ab5878b1dbc9e3fa98cb72abfc3920a586b9e2b42609211bb0516eefd542039"
"csv","methods","core","core/workflows/advanced-elicitation/methods.csv","e08b2e22fec700274982e37be608d6c3d1d4d0c04fa0bae05aa9dba2454e6141"
"csv","module-help","core","core/module-help.csv","4227d475748e8067aeae3e1a67d7b6235c109da13b2ef9131db930083dcb348d"
"md","help","core","core/tasks/help.md","950439aaff47aa25f94ede360ce8f8a47bf29c52b7f19c76a45960e8687fe726"
"md","step-01-agent-loading","core","core/workflows/party-mode/steps/step-01-agent-loading.md","04ab6b6247564f7edcd5c503f5ca7d27ae688b09bbe2e24345550963a016e9f9"
"md","step-01-session-setup","core","core/workflows/brainstorming/steps/step-01-session-setup.md","bc09cc22a0465b316ff3c13903b753768fa31d83abd3f9fc328631db63dc0cf8"
"md","step-01b-continue","core","core/workflows/brainstorming/steps/step-01b-continue.md","d76a406e0ff0a0e58006ec671b56f19a059e98cfebba4c0724ae6ccdd9303e7f"
"md","step-02-discussion-orchestration","core","core/workflows/party-mode/steps/step-02-discussion-orchestration.md","a8a79890bd03237e20f1293045ecf06f9a62bc590f5c2d4f88e250cee40abb0b"
"md","step-02a-user-selected","core","core/workflows/brainstorming/steps/step-02a-user-selected.md","558b162466745b92687a5d6e218f243a98436dd177b2d5544846c5ff4497cc94"
"md","step-02b-ai-recommended","core","core/workflows/brainstorming/steps/step-02b-ai-recommended.md","99aa935279889f278dcb2a61ba191600a18e9db356dd8ce62f0048d3c37c9531"
"md","step-02c-random-selection","core","core/workflows/brainstorming/steps/step-02c-random-selection.md","f188c260c321c7f026051fefcd267a26ee18ce2a07f64bab7f453c0c3e483316"
"md","step-02d-progressive-flow","core","core/workflows/brainstorming/steps/step-02d-progressive-flow.md","a28c7a3edf34ceb0eea203bf7dc80f39ca04974f6d1ec243f0a088281b2e55de"
"md","step-03-graceful-exit","core","core/workflows/party-mode/steps/step-03-graceful-exit.md","bdecc33004d73238ca05d8fc9d6b86cba89833630956f53ecd82ec3715c5f0da"
"md","step-03-technique-execution","core","core/workflows/brainstorming/steps/step-03-technique-execution.md","9e6abceec5f774c57cd5205e30a1f24a95441131dbffcae9c3dce72111f95ceb"
"md","step-04-idea-organization","core","core/workflows/brainstorming/steps/step-04-idea-organization.md","5224490c33bf4b23b2897f3bcf12abe0b1ced306541dd60c21df0ce9fc65d1ac"
"md","template","core","core/workflows/brainstorming/template.md","5c99d76963eb5fc21db96c5a68f39711dca7c6ed30e4f7d22aedee9e8bb964f9"
"md","workflow","core","core/workflows/brainstorming/workflow.md","7d7f957ccd176faed2551e3089abfa49032963e980b5643d9384690af3d61203"
"md","workflow","core","core/workflows/party-mode/workflow.md","f8537e152df8db331d86e2a37e5ced55bccff3a71e290f82eb754d28c0c9ec08"
"xml","editorial-review-prose","core","core/tasks/editorial-review-prose.xml","49f462ddc5f20a6e2abf14e4b8f3a25c70885c6a6d776ef4674739dd7880988a"
"xml","editorial-review-structure","core","core/tasks/editorial-review-structure.xml","307edce94877dacdaafb10f7ea39115944c7d19e57228a7859abf2fee8b1a177"
"xml","index-docs","core","core/tasks/index-docs.xml","90076db678b1d65b4dd8b166731584fafc68e660e5015f309a1c78aae6e25a28"
"xml","review-adversarial-general","core","core/tasks/review-adversarial-general.xml","347436fde09411caaab10ff97e4cbd2bfef31dbe9f8db9e0eb49c3ed361ede7b"
"xml","shard-doc","core","core/tasks/shard-doc.xml","947f2c7d4f6bb269ad0bcc1a03227d0d6da642d9df47894b8ba215c5149aed3d"
"xml","workflow","core","core/tasks/workflow.xml","17bca7fa63bae20aaac4768d81463a7a2de7f80b60d4d9a8f36b70821ba86cfd"
"xml","workflow","core","core/workflows/advanced-elicitation/workflow.xml","ead4dc1e50c95d8966b3676842a57fca97c70d83f1f3b9e9c2d746821e6868b4"
"yaml","config","core","core/config.yaml","af10b8399c2a0c65e765b5f37dc829e9bab1c86cecc3108551cc4b9ffc1095fb"
